id;n_rdd;date;realisee;presentation;presentation_content_type;standard
1;43505;2021-03-18;false;../fake-data/blob/hipster.png;image/png;ISO9001
2;12951;2021-03-18;false;../fake-data/blob/hipster.png;image/png;ISO9001
3;97871;2021-03-18;true;../fake-data/blob/hipster.png;image/png;ISO9001
4;85781;2021-03-17;true;../fake-data/blob/hipster.png;image/png;ISO45001
5;67363;2021-03-18;false;../fake-data/blob/hipster.png;image/png;ISO9001
6;71111;2021-03-18;true;../fake-data/blob/hipster.png;image/png;ISO9001
7;5261;2021-03-18;true;../fake-data/blob/hipster.png;image/png;ISO14001
8;63152;2021-03-17;false;../fake-data/blob/hipster.png;image/png;ISO9001
9;4985;2021-03-18;false;../fake-data/blob/hipster.png;image/png;ISO14001
10;98163;2021-03-17;true;../fake-data/blob/hipster.png;image/png;ISO45001
