id;date;description;justifiee;client;piecejointe;piecejointe_content_type;origine
1;2021-03-02;Bedfordshire;false;Grocery Dynamic;../fake-data/blob/hipster.png;image/png;calculating Security Dynamic
2;2021-03-02;International Fantastic Metal Gloves;true;Practical Future mobile;../fake-data/blob/hipster.png;image/png;Dynamic Bahrain
3;2021-03-02;Planner killer asynchronous;true;Analyst auxiliary one-to-one;../fake-data/blob/hipster.png;image/png;array
4;2021-03-02;Enhanced compressing local area network;false;solid state;../fake-data/blob/hipster.png;image/png;driver
5;2021-03-02;Wyoming Home Loan Account;true;RSS Designer;../fake-data/blob/hipster.png;image/png;deploy Rubber
6;2021-03-02;Response;true;cyan;../fake-data/blob/hipster.png;image/png;Dominican Republic
7;2021-03-02;optical;false;Diverse;../fake-data/blob/hipster.png;image/png;Regional Handmade Plastic Chips Shoes
8;2021-03-02;4th generation aggregate;true;Hong Kong Dollar Moldovan Leu synthesizing;../fake-data/blob/hipster.png;image/png;New Mexico Locks
9;2021-03-01;Fresh Iowa Chair;true;Colorado Beauty Handmade Wooden Table;../fake-data/blob/hipster.png;image/png;Investment Account Rubber Movies
10;2021-03-02;Shirt Unbranded schemas;true;Idaho Hat;../fake-data/blob/hipster.png;image/png;Frozen
